QSO3_SC_A,QSO3_SC_R,QSO3_SC_N,QSO3_SC_D,QSO3_SC_C,QSO3_SC_Q,QSO3_SC_E,QSO3_SC_G,QSO3_SC_H,QSO3_SC_I,QSO3_SC_L,QSO3_SC_K,QSO3_SC_M,QSO3_SC_F,QSO3_SC_P,QSO3_SC_S,QSO3_SC_T,QSO3_SC_W,QSO3_SC_Y,QSO3_SC_V,QSO3_G_A,QSO3_G_R,QSO3_G_N,QSO3_G_D,QSO3_G_C,QSO3_G_Q,QSO3_G_E,QSO3_G_G,QSO3_G_H,QSO3_G_I,QSO3_G_L,QSO3_G_K,QSO3_G_M,QSO3_G_F,QSO3_G_P,QSO3_G_S,QSO3_G_T,QSO3_G_W,QSO3_G_Y,QSO3_G_V,QSO3_SC1,QSO3_SC2,QSO3_SC3,QSO3_G1,QSO3_G2,QSO3_G3
1.7577,0.0,0.0,0.0,0.0,0.0,0.0,0.8789,0.0,1.7577,0.0,1.4648,0.0,0.0,0.0,0.0,0.0,0.0,0.0,0.0,0.0001,0.0,0.0,0.0,0.0,0.0,0.0,0.0001,0.0,0.0001,0.0,0.0001,0.0,0.0,0.0,0.0,0.0,0.0,0.0,0.0,0.2669,0.3042,0.1359,0.2669,0.3042,0.1359
1.8205,0.0,0.0,0.0,0.0,0.0,0.0,0.7802,0.0,1.8205,0.0,1.5605,0.0,0.0,0.0,0.0,0.0,0.0,0.0,0.0,0.0001,0.0,0.0,0.0,0.0,0.0,0.0,0.0,0.0,0.0001,0.0,0.0001,0.0,0.0,0.0,0.0,0.0,0.0,0.0,0.0,0.2825,0.316,0.1415,0.2825,0.316,0.1415
1.7483,0.0,0.0,0.0,0.0,0.0,0.0,0.7493,0.0,1.7483,0.0,1.7483,0.0,0.0,0.0,0.0,0.0,0.0,0.0,0.0,0.0001,0.0,0.0,0.0,0.0,0.0,0.0,0.0,0.0,0.0001,0.0,0.0001,0.0,0.0,0.0,0.0,0.0,0.0,0.0,0.0,0.2911,0.3232,0.1358,0.2911,0.3232,0.1358
1.8364,0.0,0.0,0.0,0.0,0.0,0.0,0.9182,0.0,1.8364,0.0,1.6069,0.0,0.0,0.0,0.0,0.0,0.0,0.0,0.0,0.0001,0.0,0.0,0.0,0.0,0.0,0.0,0.0001,0.0,0.0001,0.0,0.0001,0.0,0.0,0.0,0.0,0.0,0.0,0.0,0.0,0.291,0.3313,0.1481,0.291,0.3313,0.1481
1.6791,0.0,0.0,0.0,0.0,0.0,0.0,0.8396,0.0,1.6791,0.0,1.6791,0.0,0.0,0.0,0.0,0.0,0.0,0.0,0.0,0.0001,0.0,0.0,0.0,0.0,0.0,0.0,0.0001,0.0,0.0001,0.0,0.0001,0.0,0.0,0.0,0.0,0.0,0.0,0.0,0.0,0.2771,0.3132,0.1299,0.2771,0.3132,0.1299
1.7479,0.0,0.0,0.0,0.0,0.0,0.0,0.7491,0.0,1.7479,0.0,1.7479,0.0,0.0,0.0,0.0,0.0,0.0,0.0,0.0,0.0001,0.0,0.0,0.0,0.0,0.0,0.0,0.0,0.0,0.0001,0.0,0.0001,0.0,0.0,0.0,0.0,0.0,0.0,0.0,0.0,0.291,0.3235,0.1358,0.291,0.3235,0.1358
0.3512,1.0535,0.0,0.3512,0.0,0.3512,0.0,1.0535,0.0,0.7023,0.3512,0.7023,0.0,0.3512,0.0,0.0,0.0,0.0,0.0,0.3512,0.0,0.0001,0.0,0.0,0.0,0.0,0.0,0.0001,0.0,0.0,0.0,0.0,0.0,0.0,0.0,0.0,0.0,0.0,0.0,0.0,0.2551,0.317,0.2524,0.2551,0.317,0.2524
0.3564,1.0691,0.0,0.0,0.0,0.0,0.0,1.0691,0.0,0.7127,0.3564,1.4254,0.0,0.3564,0.0,0.0,0.0,0.0,0.0,0.3564,0.0,0.0001,0.0,0.0,0.0,0.0,0.0,0.0001,0.0,0.0001,0.0,0.0001,0.0,0.0,0.0,0.0,0.0,0.0,0.0,0.0,0.2566,0.3634,0.2019,0.2566,0.3634,0.2019
0.8377,1.0471,0.0,0.0,0.4188,0.6282,0.2094,0.0,0.2094,0.2094,0.8377,0.8377,0.0,0.2094,0.4188,0.2094,0.0,0.2094,0.2094,0.0,0.0,0.0001,0.0,0.0,0.0,0.0,0.0,0.0,0.0,0.0,0.0,0.0,0.0,0.0,0.0,0.0,0.0,0.0,0.0,0.0,0.1959,0.2913,0.3035,0.1959,0.2913,0.3035
0.0,0.7744,0.0,0.0,0.7744,0.0,0.3872,0.7744,0.0,0.0,0.0,1.1616,0.3872,0.0,0.3872,0.3872,0.0,0.0,0.0,0.0,0.0,0.0,0.0,0.0,0.0,0.0,0.0,0.0,0.0,0.0,0.0,0.0001,0.0,0.0,0.0,0.0,0.0,0.0,0.0,0.0,0.2266,0.2664,0.1197,0.2266,0.2664,0.1197
0.0,0.4106,0.0,0.0,0.8211,0.4106,0.4106,0.8211,0.0,0.0,0.0,1.2317,0.4106,0.0,0.4106,0.4106,0.0,0.0,0.0,0.0,0.0,0.0,0.0,0.0,0.0,0.0,0.0,0.0,0.0,0.0,0.0,0.0001,0.0,0.0,0.0,0.0,0.0,0.0,0.0,0.0,0.1833,0.2323,0.1738,0.1833,0.2323,0.1738
1.3159,0.0,0.0,0.0,0.658,0.0,0.0,0.329,0.0,0.658,0.987,1.3159,0.0,0.658,0.329,0.987,0.0,0.0,0.0,0.658,0.0,0.0,0.0,0.0,0.0,0.0,0.0,0.0,0.0,0.0,0.0,0.0,0.0,0.0,0.0,0.0,0.0,0.0,0.0,0.0,0.2026,0.2588,0.2096,0.2026,0.2588,0.2096
2.1788,0.0,0.9338,0.0,0.0,0.3113,0.3113,0.9338,0.0,0.0,1.245,0.9338,0.3113,0.0,0.0,0.3113,0.0,0.3113,0.0,0.6225,0.0001,0.0,0.0,0.0,0.0,0.0,0.0,0.0,0.0,0.0,0.0001,0.0,0.0,0.0,0.0,0.0,0.0,0.0,0.0,0.0,0.2455,0.2565,0.1867,0.2455,0.2565,0.1867
1.7073,0.0,0.8537,0.0,0.0,0.2846,0.2846,0.8537,0.0,0.0,1.1382,1.1382,0.2846,0.0,0.0,0.2846,0.0,0.2846,0.0,0.5691,0.0001,0.0,0.0,0.0,0.0,0.0,0.0,0.0,0.0,0.0,0.0001,0.0001,0.0,0.0,0.0,0.0,0.0,0.0,0.0,0.0,0.2667,0.2707,0.178,0.2667,0.2707,0.178
2.1641,0.0,0.9275,0.0,0.0,0.3092,0.3092,0.9275,0.0,0.0,1.2366,0.9275,0.3092,0.0,0.0,0.3092,0.0,0.3092,0.0,0.6183,0.0001,0.0,0.0,0.0,0.0,0.0,0.0,0.0,0.0,0.0,0.0001,0.0,0.0,0.0,0.0,0.0,0.0,0.0,0.0,0.0,0.2408,0.2512,0.1988,0.2408,0.2512,0.1988
1.1245,0.0,0.2811,0.0,0.0,0.2811,0.0,0.5622,0.2811,0.5622,1.1245,1.1245,0.2811,0.5622,0.5622,0.0,0.5622,0.0,0.0,0.5622,0.0001,0.0,0.0,0.0,0.0,0.0,0.0,0.0,0.0,0.0,0.0001,0.0001,0.0,0.0,0.0,0.0,0.0,0.0,0.0,0.0,0.2768,0.2194,0.2226,0.2768,0.2194,0.2226
0.0,1.7908,0.0,0.0,0.8954,0.0,0.0,0.0,0.0,0.0,0.0,0.0,0.0,0.0,0.0,0.0,0.0,2.2385,0.0,0.0,0.0,0.0001,0.0,0.0,0.0,0.0,0.0,0.0,0.0,0.0,0.0,0.0,0.0,0.0,0.0,0.0,0.0,0.0001,0.0,0.0,0.1514,0.2005,0.2005,0.1514,0.2005,0.2005
0.0,2.0334,0.0,0.0,0.0,0.0,0.0,0.0,0.0,0.0,0.0,0.0,0.0,0.0,0.0,0.0,0.0,2.5417,1.0167,0.0,0.0,0.0004,0.0,0.0,0.0,0.0,0.0,0.0,0.0,0.0,0.0,0.0,0.0,0.0,0.0,0.0,0.0,0.0005,0.0002,0.0,0.1088,0.1914,0.1914,0.1088,0.1914,0.1914
0.0,1.557,0.0,0.0,0.0,0.0,0.0,0.7785,0.0,0.0,0.0,0.0,0.0,0.0,0.0,0.0,0.0,1.9463,0.0,0.0,0.0,0.0001,0.0,0.0,0.0,0.0,0.0,0.0001,0.0,0.0,0.0,0.0,0.0,0.0,0.0,0.0,0.0,0.0001,0.0,0.0,0.1952,0.2078,0.2078,0.1952,0.2078,0.2078
0.0,0.2965,0.0,0.0,0.0,0.0,0.0,1.4823,0.8894,0.8894,0.8894,0.2965,0.0,0.5929,0.0,0.2965,0.2965,0.0,0.0,0.5929,0.0,0.0,0.0,0.0,0.0,0.0,0.0,0.0001,0.0,0.0,0.0,0.0,0.0,0.0,0.0,0.0,0.0,0.0,0.0,0.0,0.2404,0.2686,0.1945,0.2404,0.2686,0.1945
0.3443,0.3443,0.0,0.0,0.0,0.0,0.0,1.033,0.0,0.0,1.7216,1.033,0.0,0.3443,0.0,0.3443,0.0,0.3443,0.0,0.3443,0.0,0.0,0.0,0.0,0.0,0.0,0.0,0.0001,0.0,0.0,0.0001,0.0001,0.0,0.0,0.0,0.0,0.0,0.0,0.0,0.0,0.2443,0.2785,0.1329,0.2443,0.2785,0.1329
0.0,0.0,0.0,0.0,0.0,0.0,0.0,0.0,0.0,0.0,2.1981,2.1981,0.0,0.0,0.0,0.0,0.0,0.0,0.0,0.0,0.0,0.0,0.0,0.0,0.0,0.0,0.0,0.0,0.0,0.0,0.0003,0.0003,0.0,0.0,0.0,0.0,0.0,0.0,0.0,0.0,0.3152,0.0,0.2452,0.3152,0.0,0.2452
0.0,0.0,0.0,0.0,0.0,0.0,0.0,0.0,0.0,0.0,2.4039,2.4039,0.0,0.0,0.0,0.0,0.0,0.0,0.0,0.0,0.0,0.0,0.0,0.0,0.0,0.0,0.0,0.0,0.0,0.0,0.0003,0.0003,0.0,0.0,0.0,0.0,0.0,0.0,0.0,0.0,0.3556,0.0,0.3009,0.3556,0.0,0.3009
0.0,0.0,0.0,0.0,0.0,0.0,0.0,0.0,0.0,0.0,2.5358,2.5358,0.0,0.0,0.0,0.0,0.0,0.0,0.0,0.0,0.0,0.0,0.0,0.0,0.0,0.0,0.0,0.0,0.0,0.0,0.0002,0.0002,0.0,0.0,0.0,0.0,0.0,0.0,0.0,0.0,0.3816,0.0,0.3367,0.3816,0.0,0.3367
0.3114,0.3114,0.0,0.0,0.0,0.0,0.0,1.2457,0.0,0.3114,1.5572,0.9343,0.0,0.0,0.0,0.3114,0.0,0.3114,0.3114,0.0,0.0,0.0,0.0,0.0,0.0,0.0,0.0,0.0001,0.0,0.0,0.0001,0.0001,0.0,0.0,0.0,0.0,0.0,0.0,0.0,0.0,0.2379,0.241,0.2097,0.2379,0.241,0.2097
0.0,0.6678,0.0,0.0,0.0,0.0,0.0,0.0,0.0,0.6678,0.6678,0.6678,0.0,0.0,0.0,0.0,0.0,2.671,0.0,0.0,0.0,0.0001,0.0,0.0,0.0,0.0,0.0,0.0,0.0,0.0001,0.0001,0.0001,0.0,0.0,0.0,0.0,0.0,0.0005,0.0,0.0,0.0687,0.1339,0.1297,0.0687,0.1339,0.1297
0.0,1.8784,0.0,0.0,0.0,0.0,0.0,0.0,0.0,0.0,0.6261,0.0,0.0,0.0,0.0,0.0,0.0,2.5045,0.0,0.0,0.0,0.0004,0.0,0.0,0.0,0.0,0.0,0.0,0.0,0.0,0.0001,0.0,0.0,0.0,0.0,0.0,0.0,0.0006,0.0,0.0,0.066,0.1246,0.1833,0.066,0.1246,0.1833
0.7,0.35,0.0,0.0,0.7,0.0,0.0,0.35,0.0,0.35,1.4,1.05,0.0,0.7,0.35,0.0,0.7,0.0,0.0,0.7,0.0,0.0,0.0,0.0,0.0,0.0,0.0,0.0,0.0,0.0,0.0001,0.0,0.0,0.0,0.0,0.0,0.0,0.0,0.0,0.0,0.2062,0.2376,0.2063,0.2062,0.2376,0.2063
0.7008,0.3504,0.0,0.0,0.7008,0.0,0.0,0.3504,0.0,0.3504,1.4015,1.0511,0.0,0.7008,0.0,0.0,0.7008,0.0,0.3504,0.7008,0.0,0.0,0.0,0.0,0.0,0.0,0.0,0.0,0.0,0.0,0.0001,0.0,0.0,0.0,0.0,0.0,0.0,0.0,0.0,0.0,0.2087,0.2376,0.2032,0.2087,0.2376,0.2032
1.5379,0.0,0.0,0.0,0.0,0.0,0.0,1.5379,0.0,1.0252,2.0505,0.5126,0.0,1.0252,0.5126,0.0,0.0,0.0,0.0,0.0,0.0001,0.0,0.0,0.0,0.0,0.0,0.0,0.0001,0.0,0.0001,0.0001,0.0,0.0,0.0001,0.0,0.0,0.0,0.0,0.0,0.0,0.1763,0.2184,0.0926,0.1763,0.2184,0.0926
0.9373,0.0,0.0,0.0,0.0,0.0,0.0,0.9373,0.0,0.9373,2.3432,0.9373,0.0,0.9373,0.4686,0.0,0.9373,0.0,0.0,0.0,0.0001,0.0,0.0,0.0,0.0,0.0,0.0,0.0001,0.0,0.0001,0.0001,0.0001,0.0,0.0001,0.0,0.0,0.0001,0.0,0.0,0.0,0.1991,0.2156,0.1166,0.1991,0.2156,0.1166
0.0,0.5373,0.3582,0.1791,1.0746,0.0,0.0,1.6119,0.3582,0.5373,0.1791,0.7164,0.0,0.1791,0.0,0.1791,0.0,0.1791,0.7164,0.0,0.0,0.0,0.0,0.0,0.0,0.0,0.0,0.0,0.0,0.0,0.0,0.0,0.0,0.0,0.0,0.0,0.0,0.0,0.0,0.0,0.33,0.2782,0.2126,0.33,0.2782,0.2126
0.0,0.5479,0.3653,0.1826,1.0958,0.0,0.0,1.6437,0.3653,0.5479,0.1826,0.7305,0.0,0.1826,0.0,0.1826,0.0,0.0,0.9132,0.0,0.0,0.0,0.0,0.0,0.0,0.0,0.0,0.0,0.0,0.0,0.0,0.0,0.0,0.0,0.0,0.0,0.0,0.0,0.0,0.0,0.3293,0.2801,0.208,0.3293,0.2801,0.208
0.0,0.3661,0.0,0.0,0.0,0.0,0.0,0.3661,0.0,0.3661,0.7321,0.7321,0.0,1.0982,0.0,0.3661,0.0,0.3661,0.0,0.3661,0.0,0.0,0.0,0.0,0.0,0.0,0.0,0.0,0.0,0.0,0.0001,0.0001,0.0,0.0001,0.0,0.0,0.0,0.0,0.0,0.0,0.2124,0.2683,0.1533,0.2124,0.2683,0.1533
0.0,0.8518,0.0,0.0,0.8518,0.0,0.0,0.0,0.0,0.4259,0.4259,0.4259,0.0,0.0,1.2777,0.0,0.0,1.2777,0.0,0.0,0.0,0.0,0.0,0.0,0.0,0.0,0.0,0.0,0.0,0.0,0.0,0.0,0.0,0.0,0.0,0.0,0.0,0.0,0.0,0.0,0.1671,0.2118,0.1952,0.1671,0.2118,0.1952
0.0,0.8877,0.0,0.0,0.8877,0.0,0.0,0.0,0.0,0.4438,0.4438,0.4438,0.0,0.0,1.3315,0.0,0.0,1.3315,0.0,0.0,0.0,0.0,0.0,0.0,0.0,0.0,0.0,0.0,0.0,0.0,0.0,0.0,0.0,0.0,0.0,0.0,0.0,0.0,0.0,0.0,0.19,0.1937,0.1724,0.19,0.1937,0.1724
0.0,0.8788,0.0,0.0,0.8788,0.0,0.0,0.0,0.0,0.4394,0.4394,0.4394,0.0,0.0,1.3182,0.0,0.0,1.3182,0.0,0.0,0.0,0.0,0.0,0.0,0.0,0.0,0.0,0.0,0.0,0.0,0.0,0.0,0.0,0.0,0.0001,0.0,0.0,0.0001,0.0,0.0,0.1955,0.1833,0.1817,0.1955,0.1833,0.1817
0.0,0.8547,0.0,0.0,0.8547,0.0,0.0,0.0,0.0,0.4274,0.4274,0.4274,0.0,0.0,0.8547,0.0,0.0,1.7095,0.0,0.0,0.0,0.0,0.0,0.0,0.0,0.0,0.0,0.0,0.0,0.0,0.0,0.0,0.0,0.0,0.0,0.0,0.0,0.0001,0.0,0.0,0.1862,0.209,0.1774,0.1862,0.209,0.1774
0.0,0.869,0.0,0.0,0.869,0.0,0.0,0.0,0.0,0.4345,0.4345,0.4345,0.0,0.0,0.4345,0.0,0.0,2.1724,0.0,0.0,0.0,0.0,0.0,0.0,0.0,0.0,0.0,0.0,0.0,0.0,0.0,0.0,0.0,0.0,0.0,0.0,0.0,0.0001,0.0,0.0,0.2063,0.1823,0.1769,0.2063,0.1823,0.1769
0.0,0.8565,0.0,0.0,0.8565,0.0,0.0,0.0,0.0,0.4282,0.4282,0.4282,0.0,0.0,0.8565,0.0,0.0,1.713,0.0,0.0,0.0,0.0,0.0,0.0,0.0,0.0,0.0,0.0,0.0,0.0,0.0,0.0,0.0,0.0,0.0,0.0,0.0,0.0001,0.0,0.0,0.2045,0.1798,0.1875,0.2045,0.1798,0.1875
0.0,0.8979,0.0,0.0,0.8979,0.0,0.0,0.0,0.0,0.449,0.449,0.449,0.0,0.0,0.8979,0.0,0.0,1.7958,0.0,0.0,0.0,0.0,0.0,0.0,0.0,0.0,0.0,0.0,0.0,0.0,0.0,0.0,0.0,0.0,0.0,0.0,0.0,0.0001,0.0,0.0,0.191,0.1958,0.1642,0.191,0.1958,0.1642
0.0,0.8876,0.0,0.0,0.8876,0.0,0.0,0.0,0.0,0.4438,0.4438,0.4438,0.0,0.0,0.8876,0.0,0.0,1.7752,0.0,0.0,0.0,0.0,0.0,0.0,0.0,0.0,0.0,0.0,0.0,0.0,0.0,0.0,0.0,0.0,0.0,0.0,0.0,0.0001,0.0,0.0,0.1888,0.1957,0.1716,0.1888,0.1957,0.1716
0.0,0.8688,0.0,0.0,0.8688,0.0,0.0,0.0,0.0,0.4344,0.4344,0.4344,0.0,0.0,0.4344,0.0,0.0,2.172,0.0,0.0,0.0,0.0,0.0,0.0,0.0,0.0,0.0,0.0,0.0,0.0,0.0,0.0,0.0,0.0,0.0,0.0,0.0,0.0001,0.0,0.0,0.2031,0.1792,0.1833,0.2031,0.1792,0.1833
0.0,0.867,0.0,0.0,0.867,0.0,0.0,0.0,0.0,0.4335,0.4335,0.4335,0.0,0.0,0.867,0.0,0.0,1.7341,0.0,0.0,0.0,0.0,0.0,0.0,0.0,0.0,0.0,0.0,0.0,0.0,0.0,0.0,0.0,0.0,0.0,0.0,0.0,0.0001,0.0,0.0,0.1871,0.1854,0.194,0.1871,0.1854,0.194
0.0,0.7149,0.0,0.0,0.0,0.0,0.0,0.0,0.0,0.0,0.0,1.7872,0.0,0.0,0.0,0.0,0.0,2.1447,0.0,0.0,0.0,0.0001,0.0,0.0,0.0,0.0,0.0,0.0,0.0,0.0,0.0,0.0002,0.0,0.0,0.0,0.0,0.0,0.0003,0.0,0.0,0.1926,0.3209,0.1291,0.1926,0.3209,0.1291
0.0,0.7975,0.0,0.0,0.0,0.0,0.3988,0.0,0.0,0.3988,0.3988,0.3988,0.0,0.0,0.7975,0.0,0.0,1.9938,0.0,0.0,0.0,0.0001,0.0,0.0,0.0,0.0,0.0,0.0,0.0,0.0,0.0,0.0,0.0,0.0,0.0001,0.0,0.0,0.0001,0.0,0.0,0.2362,0.153,0.212,0.2362,0.153,0.212
0.0,0.9502,0.0,0.0,0.0,0.0,0.0,0.0,0.0,0.4751,0.4751,0.4751,0.0,2.3756,1.4253,0.0,0.0,0.0,0.0,0.0,0.0,0.0001,0.0,0.0,0.0,0.0,0.0,0.0,0.0,0.0,0.0,0.0,0.0,0.0002,0.0001,0.0,0.0,0.0,0.0,0.0,0.184,0.1671,0.1738,0.184,0.1671,0.1738
0.0,1.4989,0.0,0.0,0.0,0.2498,0.0,0.0,0.0,0.9993,0.2498,0.2498,0.0,0.7495,2.4982,0.4996,0.0,0.9993,0.0,0.0,0.0,0.0001,0.0,0.0,0.0,0.0,0.0,0.0,0.0,0.0,0.0,0.0,0.0,0.0,0.0001,0.0,0.0,0.0,0.0,0.0,0.2388,0.2508,0.2606,0.2388,0.2508,0.2606
0.7425,0.0,0.3713,0.3713,0.0,0.0,0.0,0.7425,0.0,0.7425,1.1138,0.7425,0.0,0.3713,0.0,0.7425,0.3713,0.0,0.0,0.7425,0.0,0.0,0.0,0.0,0.0,0.0,0.0,0.0,0.0,0.0,0.0001,0.0,0.0,0.0,0.0,0.0,0.0,0.0,0.0,0.0,0.2393,0.2567,0.1328,0.2393,0.2567,0.1328
1.2209,0.0,0.0,0.0,0.0,0.0,0.0,0.0,0.0,0.0,0.8139,1.2209,0.0,0.407,0.0,0.0,0.0,0.8139,0.0,0.0,0.0001,0.0,0.0,0.0,0.0,0.0,0.0,0.0,0.0,0.0,0.0001,0.0001,0.0,0.0,0.0,0.0,0.0,0.0001,0.0,0.0,0.2136,0.2007,0.1788,0.2136,0.2007,0.1788
0.9124,0.0,0.0,0.0,0.0,0.0,0.0,0.4562,0.0,0.0,0.9124,0.9124,0.0,0.4562,0.0,0.0,0.4562,0.9124,0.0,0.0,0.0001,0.0,0.0,0.0,0.0,0.0,0.0,0.0,0.0,0.0,0.0001,0.0001,0.0,0.0,0.0,0.0,0.0,0.0001,0.0,0.0,0.2008,0.2065,0.1364,0.2008,0.2065,0.1364
1.2586,0.0,0.0,0.0,0.0,0.0,0.0,0.4195,0.0,0.4195,0.8391,0.8391,0.0,0.4195,0.0,0.0,0.4195,0.8391,0.0,0.0,0.0001,0.0,0.0,0.0,0.0,0.0,0.0,0.0,0.0,0.0,0.0001,0.0001,0.0,0.0,0.0,0.0,0.0,0.0001,0.0,0.0,0.2248,0.2302,0.1255,0.2248,0.2302,0.1255
1.5514,0.0,0.3103,0.0,0.0,0.3103,0.0,0.6206,0.0,0.3103,0.6206,1.2411,0.6206,0.3103,0.3103,0.0,0.3103,0.6206,0.0,0.0,0.0001,0.0,0.0,0.0,0.0,0.0,0.0,0.0,0.0,0.0,0.0,0.0001,0.0,0.0,0.0,0.0,0.0,0.0,0.0,0.0,0.2581,0.2543,0.1774,0.2581,0.2543,0.1774
0.6731,0.0,0.4487,0.4487,0.0,0.0,0.2244,0.6731,0.2244,0.4487,0.2244,1.5706,0.2244,0.0,0.0,0.0,0.0,0.4487,0.0,0.6731,0.0,0.0,0.0,0.0,0.0,0.0,0.0,0.0,0.0,0.0,0.0,0.0001,0.0,0.0,0.0,0.0,0.0,0.0,0.0,0.0,0.2455,0.3236,0.2065,0.2455,0.3236,0.2065
0.0,0.5135,0.0,0.0,0.5135,0.0,0.0,0.0,0.0,0.5135,1.5404,0.5135,0.5135,0.5135,0.5135,0.0,0.0,0.0,0.0,0.0,0.0,0.0,0.0,0.0,0.0,0.0,0.0,0.0,0.0,0.0,0.0001,0.0,0.0,0.0,0.0,0.0,0.0,0.0,0.0,0.0,0.201,0.14,0.1456,0.201,0.14,0.1456
0.0,1.5125,0.0,0.0,0.0,0.0,0.0,0.0,0.2161,0.4321,0.4321,0.0,0.0,1.0804,1.7286,0.0,0.0,0.4321,0.2161,0.0,0.0,0.0001,0.0,0.0,0.0,0.0,0.0,0.0,0.0,0.0,0.0,0.0,0.0,0.0001,0.0001,0.0,0.0,0.0,0.0,0.0,0.2729,0.2317,0.2794,0.2729,0.2317,0.2794
0.0,0.0,0.0,0.0,0.0,0.0,0.0,0.8671,0.0,0.8671,0.8671,1.7341,0.0,0.0,0.0,0.0,0.0,0.8671,0.0,0.0,0.0,0.0,0.0,0.0,0.0,0.0,0.0,0.0001,0.0,0.0001,0.0001,0.0001,0.0,0.0,0.0,0.0,0.0,0.0001,0.0,0.0,0.2539,0.3252,0.1319,0.2539,0.3252,0.1319
0.0,1.5942,0.0,0.0,0.0,0.0,0.0,0.7971,0.0,0.7971,0.7971,0.0,0.0,0.0,0.0,0.0,0.0,0.7971,0.0,0.0,0.0,0.0001,0.0,0.0,0.0,0.0,0.0,0.0001,0.0,0.0001,0.0001,0.0,0.0,0.0,0.0,0.0,0.0,0.0001,0.0,0.0,0.2613,0.3383,0.1347,0.2613,0.3383,0.1347
0.0,0.0,0.0,0.0,1.3665,0.0,0.0,0.0,0.0,0.0,0.0,2.7329,0.0,0.0,0.0,0.0,0.0,0.0,0.0,0.0,0.0,0.0,0.0,0.0,0.0001,0.0,0.0,0.0,0.0,0.0,0.0,0.0002,0.0,0.0,0.0,0.0,0.0,0.0,0.0,0.0,0.1056,0.1056,0.1056,0.1056,0.1056,0.1056
0.0,1.3276,0.0,0.0,1.3276,0.0,0.0,0.0,0.0,0.0,0.0,1.3276,0.0,0.0,0.0,0.0,0.0,0.0,0.0,0.0,0.0,0.0001,0.0,0.0,0.0001,0.0,0.0,0.0,0.0,0.0,0.0,0.0001,0.0,0.0,0.0,0.0,0.0,0.0,0.0,0.0,0.1082,0.1097,0.1183,0.1082,0.1097,0.1183
0.4606,1.3817,0.0,0.0,0.0,0.0,0.0,0.2303,0.0,0.6908,0.4606,1.1514,0.0,0.2303,0.0,0.0,0.0,0.2303,0.0,0.4606,0.0,0.0001,0.0,0.0,0.0,0.0,0.0,0.0,0.0,0.0001,0.0,0.0001,0.0,0.0,0.0,0.0,0.0,0.0,0.0,0.0,0.2341,0.3457,0.19,0.2341,0.3457,0.19
0.2667,1.6001,0.0,0.0,0.0,0.0,0.0,0.0,0.0,0.8,0.5334,0.8,0.0,0.2667,0.0,0.0,0.0,0.2667,0.0,0.2667,0.0,0.0002,0.0,0.0,0.0,0.0,0.0,0.0,0.0,0.0001,0.0001,0.0001,0.0,0.0,0.0,0.0,0.0,0.0,0.0,0.0,0.2261,0.331,0.1763,0.2261,0.331,0.1763
0.2823,1.6937,0.0,0.0,0.0,0.0,0.0,0.0,0.0,0.8468,0.5646,0.8468,0.0,0.2823,0.0,0.0,0.0,0.2823,0.0,0.0,0.0,0.0002,0.0,0.0,0.0,0.0,0.0,0.0,0.0,0.0001,0.0001,0.0001,0.0,0.0,0.0,0.0,0.0,0.0,0.0,0.0,0.2111,0.3221,0.1845,0.2111,0.3221,0.1845
0.2974,1.487,0.0,0.0,0.0,0.0,0.0,0.0,0.0,0.8922,0.5948,0.8922,0.0,0.2974,0.0,0.0,0.0,0.2974,0.0,0.0,0.0,0.0002,0.0,0.0,0.0,0.0,0.0,0.0,0.0,0.0001,0.0001,0.0001,0.0,0.0,0.0,0.0,0.0,0.0,0.0,0.0,0.2224,0.311,0.1692,0.2224,0.311,0.1692
0.3142,1.2569,0.0,0.0,0.0,0.0,0.0,0.0,0.0,0.9427,0.6285,0.9427,0.0,0.3142,0.0,0.0,0.0,0.3142,0.0,0.0,0.0,0.0001,0.0,0.0,0.0,0.0,0.0,0.0,0.0,0.0001,0.0001,0.0001,0.0,0.0,0.0,0.0,0.0,0.0,0.0,0.0,0.205,0.302,0.1788,0.205,0.302,0.1788
0.7389,0.4926,0.2463,0.0,0.0,0.2463,0.4926,0.4926,0.0,0.7389,0.2463,1.4778,0.0,0.0,0.0,0.0,0.2463,0.2463,0.2463,0.2463,0.0001,0.0,0.0,0.0,0.0,0.0,0.0,0.0,0.0,0.0001,0.0,0.0001,0.0,0.0,0.0,0.0,0.0,0.0,0.0,0.0,0.2581,0.2685,0.2272,0.2581,0.2685,0.2272
1.2708,0.0,0.4236,0.0,0.0,0.0,0.0,0.8472,0.0,1.2708,1.6944,0.8472,0.0,0.4236,0.4236,0.4236,0.0,0.0,0.0,0.4236,0.0001,0.0,0.0,0.0,0.0,0.0,0.0,0.0,0.0,0.0001,0.0001,0.0,0.0,0.0,0.0,0.0,0.0,0.0,0.0,0.0,0.1958,0.2308,0.1498,0.1958,0.2308,0.1498
0.8627,0.4314,0.0,0.4314,0.0,0.0,0.0,0.4314,0.0,0.4314,0.8627,0.4314,0.0,0.8627,0.0,0.0,0.0,0.4314,0.0,0.4314,0.0001,0.0,0.0,0.0,0.0,0.0,0.0,0.0,0.0,0.0,0.0001,0.0,0.0,0.0001,0.0,0.0,0.0,0.0,0.0,0.0,0.2298,0.1045,0.2343,0.2298,0.1045,0.2343
0.0,0.0,0.0,0.0,0.0,0.0,0.0,1.5297,0.0,1.0198,1.5297,0.5099,0.0,1.0198,0.0,0.0,0.5099,0.0,0.0,0.0,0.0,0.0,0.0,0.0,0.0,0.0,0.0,0.0001,0.0,0.0001,0.0001,0.0,0.0,0.0001,0.0,0.0,0.0,0.0,0.0,0.0,0.1833,0.2044,0.1024,0.1833,0.2044,0.1024
0.0,0.6987,0.0,0.0,0.0,0.0,0.0,0.0,0.0,0.0,1.3974,1.7467,0.0,0.6987,0.0,0.0,0.0,0.0,0.3493,0.0,0.0,0.0001,0.0,0.0,0.0,0.0,0.0,0.0,0.0,0.0,0.0002,0.0002,0.0,0.0001,0.0,0.0,0.0,0.0,0.0,0.0,0.2128,0.3241,0.1137,0.2128,0.3241,0.1137
0.0,1.3531,0.0,0.0,0.0,0.0,0.0,0.0,0.0,0.0,1.0149,1.0149,0.0,1.0149,0.0,0.0,0.0,0.0,0.3383,0.0,0.0,0.0002,0.0,0.0,0.0,0.0,0.0,0.0,0.0,0.0,0.0001,0.0001,0.0,0.0001,0.0,0.0,0.0,0.0,0.0,0.0,0.2237,0.3235,0.1145,0.2237,0.3235,0.1145
0.0,1.6691,0.0,0.0,0.0,0.0,0.0,0.0,0.0,0.3338,0.6676,0.6676,0.0,1.0015,0.0,0.0,0.0,0.0,0.3338,0.0,0.0,0.0002,0.0,0.0,0.0,0.0,0.0,0.0,0.0,0.0,0.0001,0.0001,0.0,0.0001,0.0,0.0,0.0,0.0,0.0,0.0,0.22,0.3264,0.1198,0.22,0.3264,0.1198
0.7141,1.4281,0.0,0.0,0.0,0.238,0.238,0.476,0.0,0.7141,0.238,0.7141,0.0,0.0,0.0,0.0,0.238,0.476,0.238,0.238,0.0001,0.0001,0.0,0.0,0.0,0.0,0.0,0.0,0.0,0.0001,0.0,0.0001,0.0,0.0,0.0,0.0,0.0,0.0,0.0,0.0,0.2501,0.2448,0.2671,0.2501,0.2448,0.2671
0.6419,1.2838,0.214,0.0,0.0,0.0,0.214,0.4279,0.0,0.6419,0.214,0.6419,0.0,0.0,0.0,0.0,0.214,0.4279,0.214,0.214,0.0,0.0001,0.0,0.0,0.0,0.0,0.0,0.0,0.0,0.0,0.0,0.0,0.0,0.0,0.0,0.0,0.0,0.0,0.0,0.0,0.2617,0.3613,0.1631,0.2617,0.3613,0.1631
0.9597,1.4396,0.0,0.0,0.0,0.2399,0.2399,0.2399,0.0,0.7198,0.2399,0.7198,0.0,0.0,0.0,0.0,0.2399,0.4799,0.2399,0.2399,0.0001,0.0001,0.0,0.0,0.0,0.0,0.0,0.0,0.0,0.0001,0.0,0.0001,0.0,0.0,0.0,0.0,0.0,0.0,0.0,0.0,0.2515,0.2857,0.2229,0.2515,0.2857,0.2229
0.9302,1.3954,0.0,0.0,0.0,0.2326,0.2326,0.4651,0.0,0.6977,0.2326,0.6977,0.0,0.0,0.0,0.0,0.0,0.4651,0.2326,0.2326,0.0001,0.0001,0.0,0.0,0.0,0.0,0.0,0.0,0.0,0.0001,0.0,0.0001,0.0,0.0,0.0,0.0,0.0,0.0,0.0,0.0,0.2388,0.2726,0.256,0.2388,0.2726,0.256
0.9546,1.4319,0.0,0.0,0.0,0.2387,0.2387,0.4773,0.0,0.716,0.2387,0.716,0.0,0.0,0.0,0.0,0.0,0.4773,0.2387,0.2387,0.0001,0.0001,0.0,0.0,0.0,0.0,0.0,0.0,0.0,0.0001,0.0,0.0001,0.0,0.0,0.0,0.0,0.0,0.0,0.0,0.0,0.2409,0.2881,0.2323,0.2409,0.2881,0.2323
0.9529,1.4294,0.0,0.0,0.0,0.2382,0.2382,0.4765,0.0,0.7147,0.2382,0.7147,0.0,0.0,0.0,0.0,0.0,0.4765,0.2382,0.2382,0.0001,0.0001,0.0,0.0,0.0,0.0,0.0,0.0,0.0,0.0001,0.0,0.0001,0.0,0.0,0.0,0.0,0.0,0.0,0.0,0.0,0.2579,0.2477,0.2561,0.2579,0.2477,0.2561
0.7222,1.4445,0.0,0.0,0.0,0.2407,0.2407,0.4815,0.0,0.7222,0.2407,0.7222,0.0,0.0,0.0,0.0,0.2407,0.4815,0.2407,0.2407,0.0001,0.0001,0.0,0.0,0.0,0.0,0.0,0.0,0.0,0.0001,0.0,0.0001,0.0,0.0,0.0,0.0,0.0,0.0,0.0,0.0,0.2432,0.2775,0.2386,0.2432,0.2775,0.2386
0.6734,1.3468,0.2245,0.0,0.0,0.0,0.2245,0.4489,0.0,0.6734,0.2245,0.6734,0.0,0.0,0.0,0.0,0.2245,0.4489,0.2245,0.2245,0.0001,0.0001,0.0,0.0,0.0,0.0,0.0,0.0,0.0,0.0001,0.0,0.0001,0.0,0.0,0.0,0.0,0.0,0.0,0.0,0.0,0.2467,0.3641,0.1648,0.2467,0.3641,0.1648
0.6784,1.3567,0.2261,0.0,0.0,0.0,0.2261,0.4522,0.0,0.6784,0.2261,0.9045,0.0,0.0,0.0,0.0,0.2261,0.2261,0.2261,0.2261,0.0001,0.0001,0.0,0.0,0.0,0.0,0.0,0.0,0.0,0.0001,0.0,0.0001,0.0,0.0,0.0,0.0,0.0,0.0,0.0,0.0,0.2541,0.3283,0.1915,0.2541,0.3283,0.1915
0.6819,1.3638,0.2273,0.0,0.0,0.0,0.2273,0.4546,0.0,0.6819,0.2273,0.9092,0.0,0.0,0.0,0.0,0.2273,0.2273,0.2273,0.2273,0.0001,0.0001,0.0,0.0,0.0,0.0,0.0,0.0,0.0,0.0001,0.0,0.0001,0.0,0.0,0.0,0.0,0.0,0.0,0.0,0.0,0.2498,0.3479,0.175,0.2498,0.3479,0.175
0.8752,1.3128,0.2188,0.0,0.0,0.0,0.2188,0.2188,0.0,0.6564,0.2188,0.8752,0.0,0.0,0.0,0.0,0.2188,0.2188,0.2188,0.2188,0.0001,0.0001,0.0,0.0,0.0,0.0,0.0,0.0,0.0,0.0001,0.0,0.0001,0.0,0.0,0.0,0.0,0.0,0.0,0.0,0.0,0.2805,0.3679,0.1327,0.2805,0.3679,0.1327
0.6557,0.4372,0.0,0.0,0.0,0.4372,0.4372,0.2186,0.0,0.6557,0.2186,1.3115,0.0,0.2186,0.0,0.0,0.4372,0.4372,0.0,0.0,0.0,0.0,0.0,0.0,0.0,0.0,0.0,0.0,0.0,0.0,0.0,0.0001,0.0,0.0,0.0,0.0,0.0,0.0,0.0,0.0,0.2471,0.304,0.2304,0.2471,0.304,0.2304
0.6495,0.433,0.433,0.0,0.0,0.0,0.433,0.2165,0.0,0.6495,0.2165,1.2989,0.0,0.2165,0.0,0.0,0.433,0.433,0.0,0.0,0.0,0.0,0.0,0.0,0.0,0.0,0.0,0.0,0.0,0.0,0.0,0.0001,0.0,0.0,0.0,0.0,0.0,0.0,0.0,0.0,0.2504,0.3026,0.2305,0.2504,0.3026,0.2305
0.7208,0.4806,0.0,0.0,0.0,0.4806,0.4806,0.2403,0.0,0.7208,0.2403,1.4417,0.0,0.2403,0.0,0.0,0.4806,0.4806,0.0,0.0,0.0001,0.0,0.0,0.0,0.0,0.0,0.0,0.0,0.0,0.0001,0.0,0.0001,0.0,0.0,0.0,0.0,0.0,0.0,0.0,0.0,0.228,0.2901,0.2416,0.228,0.2901,0.2416
0.6959,0.4639,0.0,0.0,0.0,0.4639,0.4639,0.232,0.0,0.6959,0.232,1.3917,0.0,0.232,0.0,0.0,0.4639,0.4639,0.0,0.0,0.0001,0.0,0.0,0.0,0.0,0.0,0.0,0.0,0.0,0.0001,0.0,0.0001,0.0,0.0,0.0,0.0,0.0,0.0,0.0,0.0,0.2254,0.2893,0.2533,0.2254,0.2893,0.2533
0.4903,0.4903,0.0,0.0,0.0,0.4903,0.4903,0.4903,0.0,0.7355,0.2452,1.471,0.0,0.2452,0.0,0.0,0.4903,0.4903,0.0,0.0,0.0,0.0,0.0,0.0,0.0,0.0,0.0,0.0,0.0,0.0001,0.0,0.0001,0.0,0.0,0.0,0.0,0.0,0.0,0.0,0.0,0.2157,0.2961,0.2431,0.2157,0.2961,0.2431
0.4645,0.4645,0.0,0.0,0.0,0.4645,0.4645,0.4645,0.0,0.6968,0.2323,1.3936,0.0,0.2323,0.0,0.0,0.4645,0.4645,0.0,0.0,0.0,0.0,0.0,0.0,0.0,0.0,0.0,0.0,0.0,0.0001,0.0,0.0001,0.0,0.0,0.0,0.0,0.0,0.0,0.0,0.0,0.2428,0.3009,0.224,0.2428,0.3009,0.224
0.453,0.453,0.0,0.0,0.0,0.453,0.453,0.453,0.0,0.6795,0.2265,1.3591,0.0,0.2265,0.0,0.0,0.453,0.453,0.0,0.0,0.0,0.0,0.0,0.0,0.0,0.0,0.0,0.0,0.0,0.0001,0.0,0.0001,0.0,0.0,0.0,0.0,0.0,0.0,0.0,0.0,0.2231,0.3061,0.2443,0.2231,0.3061,0.2443
0.4486,0.4486,0.4486,0.0,0.0,0.0,0.4486,0.4486,0.0,0.6728,0.2243,1.3457,0.0,0.2243,0.0,0.0,0.4486,0.4486,0.0,0.0,0.0,0.0,0.0,0.0,0.0,0.0,0.0,0.0,0.0,0.0,0.0,0.0001,0.0,0.0,0.0,0.0,0.0,0.0,0.0,0.0,0.2268,0.3047,0.2443,0.2268,0.3047,0.2443
0.7268,0.4845,0.0,0.0,0.0,0.4845,0.4845,0.4845,0.0,0.7268,0.2423,1.6958,0.0,0.2423,0.0,0.0,0.2423,0.2423,0.0,0.0,0.0001,0.0,0.0,0.0,0.0,0.0,0.0,0.0,0.0,0.0001,0.0,0.0001,0.0,0.0,0.0,0.0,0.0,0.0,0.0,0.0,0.2585,0.2783,0.221,0.2585,0.2783,0.221
0.6922,0.4615,0.0,0.0,0.0,0.4615,0.4615,0.4615,0.0,0.6922,0.2307,1.6152,0.0,0.2307,0.0,0.0,0.2307,0.2307,0.0,0.0,0.0001,0.0,0.0,0.0,0.0,0.0,0.0,0.0,0.0,0.0001,0.0,0.0001,0.0,0.0,0.0,0.0,0.0,0.0,0.0,0.0,0.2464,0.2764,0.2464,0.2464,0.2764,0.2464
0.9984,0.7488,0.0,0.0,0.0,0.2496,0.4992,0.2496,0.0,0.2496,0.9984,0.9984,0.0,0.2496,0.0,0.0,0.2496,0.4992,0.2496,0.0,0.0001,0.0001,0.0,0.0,0.0,0.0,0.0,0.0,0.0,0.0,0.0001,0.0001,0.0,0.0,0.0,0.0,0.0,0.0,0.0,0.0,0.2463,0.2868,0.2173,0.2463,0.2868,0.2173
0.8235,0.8235,0.0,0.0,0.0,0.2745,0.549,0.549,0.0,0.2745,1.098,1.098,0.0,0.2745,0.0,0.0,0.2745,0.549,0.2745,0.0,0.0001,0.0001,0.0,0.0,0.0,0.0,0.0,0.0,0.0,0.0,0.0001,0.0001,0.0,0.0,0.0,0.0,0.0,0.0,0.0,0.0,0.2233,0.2587,0.2435,0.2233,0.2587,0.2435
0.7695,0.7695,0.0,0.0,0.0,0.2565,0.513,0.513,0.0,0.2565,1.026,1.026,0.0,0.2565,0.0,0.0,0.2565,0.513,0.2565,0.0,0.0001,0.0001,0.0,0.0,0.0,0.0,0.0,0.0,0.0,0.0,0.0001,0.0001,0.0,0.0,0.0,0.0,0.0,0.0,0.0,0.0,0.2369,0.2835,0.2232,0.2369,0.2835,0.2232
0.7271,0.7271,0.0,0.0,0.0,0.2424,0.4848,0.4848,0.0,0.2424,0.9695,1.2119,0.0,0.2424,0.0,0.0,0.2424,0.2424,0.2424,0.0,0.0001,0.0001,0.0,0.0,0.0,0.0,0.0,0.0,0.0,0.0,0.0001,0.0001,0.0,0.0,0.0,0.0,0.0,0.0,0.0,0.0,0.2689,0.2504,0.2383,0.2689,0.2504,0.2383
0.9919,0.7439,0.0,0.0,0.0,0.248,0.496,0.248,0.0,0.248,0.9919,1.2399,0.0,0.248,0.0,0.0,0.248,0.248,0.248,0.0,0.0001,0.0001,0.0,0.0,0.0,0.0,0.0,0.0,0.0,0.0,0.0001,0.0001,0.0,0.0,0.0,0.0,0.0,0.0,0.0,0.0,0.2392,0.2892,0.2236,0.2392,0.2892,0.2236
0.8988,0.6741,0.2247,0.0,0.0,0.0,0.4494,0.2247,0.0,0.2247,0.8988,1.1236,0.0,0.2247,0.0,0.0,0.2247,0.2247,0.2247,0.0,0.0001,0.0,0.0,0.0,0.0,0.0,0.0,0.0,0.0,0.0,0.0001,0.0001,0.0,0.0,0.0,0.0,0.0,0.0,0.0,0.0,0.2822,0.362,0.1311,0.2822,0.362,0.1311
0.6881,0.4588,0.0,0.0,0.0,0.0,0.4588,0.4588,0.0,0.6881,0.2294,1.6057,0.0,0.0,0.0,0.2294,0.0,0.4588,0.2294,0.2294,0.0,0.0,0.0,0.0,0.0,0.0,0.0,0.0,0.0,0.0,0.0,0.0001,0.0,0.0,0.0,0.0,0.0,0.0,0.0,0.0,0.2463,0.3505,0.1738,0.2463,0.3505,0.1738
0.9299,0.4649,0.0,0.0,0.0,0.0,0.4649,0.2325,0.0,0.6974,0.2325,1.6273,0.0,0.0,0.0,0.2325,0.0,0.4649,0.2325,0.2325,0.0001,0.0,0.0,0.0,0.0,0.0,0.0,0.0,0.0,0.0,0.0,0.0001,0.0,0.0,0.0,0.0,0.0,0.0,0.0,0.0,0.2303,0.2966,0.2407,0.2303,0.2966,0.2407
0.5357,1.3391,0.5357,0.0,1.0713,0.0,0.0,0.5357,0.0,0.0,0.0,0.0,0.0,0.2678,0.0,0.0,0.0,0.2678,0.5357,0.5357,0.0,0.0,0.0,0.0,0.0,0.0,0.0,0.0,0.0,0.0,0.0,0.0,0.0,0.0,0.0,0.0,0.0,0.0,0.0,0.0,0.1936,0.2743,0.2643,0.1936,0.2743,0.2643
0.3876,0.7752,0.1938,0.0,0.0,0.0,0.0,0.0,0.0,0.5814,0.0,2.1319,0.0,0.9691,0.3876,0.3876,0.0,0.1938,0.0,0.5814,0.0,0.0001,0.0,0.0,0.0,0.0,0.0,0.0,0.0,0.0,0.0,0.0001,0.0,0.0001,0.0,0.0,0.0,0.0,0.0,0.0,0.272,0.3141,0.22,0.272,0.3141,0.22
0.8209,1.9154,0.0,0.0,0.0,0.0,0.0,0.5473,0.0,0.0,0.5473,0.0,0.0,0.5473,0.0,0.0,0.0,0.2736,0.0,0.0,0.0001,0.0001,0.0,0.0,0.0,0.0,0.0,0.0,0.0,0.0,0.0,0.0,0.0,0.0,0.0,0.0,0.0,0.0,0.0,0.0,0.2222,0.2653,0.2389,0.2222,0.2653,0.2389
1.1781,1.7672,0.0,0.0,0.0,0.0,0.0,0.5891,0.0,0.0,0.2945,0.0,0.0,0.8836,0.0,0.0,0.0,0.2945,0.0,0.0,0.0001,0.0001,0.0,0.0,0.0,0.0,0.0,0.0,0.0,0.0,0.0,0.0,0.0,0.0001,0.0,0.0,0.0,0.0,0.0,0.0,0.2059,0.2268,0.2728,0.2059,0.2268,0.2728
0.0,0.6125,0.3062,0.0,0.0,0.0,0.0,0.3062,0.0,0.6125,0.3062,0.9187,0.0,0.0,0.0,0.0,0.0,1.5312,0.0,0.3062,0.0,0.0,0.0,0.0,0.0,0.0,0.0,0.0,0.0,0.0,0.0,0.0001,0.0,0.0,0.0,0.0,0.0,0.0001,0.0,0.0,0.2776,0.2482,0.168,0.2776,0.2482,0.168
0.0,0.6377,0.3189,0.0,0.0,0.0,0.0,0.0,0.0,0.6377,0.3189,1.2754,0.0,0.0,0.0,0.0,0.0,1.5943,0.0,0.3189,0.0,0.0001,0.0,0.0,0.0,0.0,0.0,0.0,0.0,0.0001,0.0,0.0001,0.0,0.0,0.0,0.0,0.0,0.0001,0.0,0.0,0.2945,0.3211,0.0655,0.2945,0.3211,0.0655
0.0,0.6329,0.3164,0.0,0.0,0.0,0.0,0.3164,0.0,0.6329,0.6329,0.9493,0.0,0.0,0.0,0.0,0.0,1.2658,0.0,0.3164,0.0,0.0,0.0,0.0,0.0,0.0,0.0,0.0,0.0,0.0,0.0,0.0001,0.0,0.0,0.0,0.0,0.0,0.0001,0.0,0.0,0.2639,0.2538,0.1659,0.2639,0.2538,0.1659
0.0,0.6674,0.3337,0.0,0.0,0.0,0.0,0.0,0.0,0.6674,0.3337,1.0011,0.0,0.0,0.0,0.0,0.0,2.0023,0.0,0.3337,0.0,0.0001,0.0,0.0,0.0,0.0,0.0,0.0,0.0,0.0001,0.0,0.0001,0.0,0.0,0.0,0.0,0.0,0.0002,0.0,0.0,0.3082,0.2895,0.0685,0.3082,0.2895,0.0685
0.0,0.0,0.0,0.0,0.0,0.0,0.0,0.4733,0.0,0.9467,1.8934,1.42,0.0,0.0,0.0,0.0,0.0,0.0,0.0,0.0,0.0,0.0,0.0,0.0,0.0,0.0,0.0,0.0001,0.0,0.0001,0.0002,0.0002,0.0,0.0,0.0,0.0,0.0,0.0,0.0,0.0,0.1681,0.2442,0.1144,0.1681,0.2442,0.1144
0.0,0.0,0.0,0.0,0.0,0.0,0.0,0.4316,0.0,0.8631,1.2947,1.7262,0.0,0.0,0.0,0.0,0.0,0.0,0.0,0.0,0.0,0.0,0.0,0.0,0.0,0.0,0.0,0.0,0.0,0.0001,0.0001,0.0002,0.0,0.0,0.0,0.0,0.0,0.0,0.0,0.0,0.1533,0.2766,0.1386,0.1533,0.2766,0.1386
0.0,0.456,0.0,0.0,0.0,0.0,0.0,0.456,0.0,0.456,1.8238,0.9119,0.0,0.456,0.0,0.0,0.0,0.0,0.0,0.0,0.0,0.0001,0.0,0.0,0.0,0.0,0.0,0.0001,0.0,0.0001,0.0002,0.0001,0.0,0.0001,0.0,0.0,0.0,0.0,0.0,0.0,0.1738,0.2526,0.1176,0.1738,0.2526,0.1176
0.0,0.4629,0.0,0.0,0.0,0.0,0.0,0.4629,0.0,0.4629,1.8518,1.3888,0.0,0.0,0.0,0.0,0.0,0.0,0.0,0.0,0.0,0.0001,0.0,0.0,0.0,0.0,0.0,0.0001,0.0,0.0001,0.0002,0.0002,0.0,0.0,0.0,0.0,0.0,0.0,0.0,0.0,0.1747,0.2501,0.1122,0.1747,0.2501,0.1122
0.0,0.4617,0.0,0.0,0.0,0.0,0.0,0.4617,0.0,0.9233,1.8466,0.9233,0.0,0.0,0.0,0.0,0.0,0.0,0.0,0.0,0.0,0.0001,0.0,0.0,0.0,0.0,0.0,0.0001,0.0,0.0001,0.0002,0.0001,0.0,0.0,0.0,0.0,0.0,0.0,0.0,0.0,0.1743,0.25,0.1141,0.1743,0.25,0.1141
0.8733,1.0916,0.655,0.0,1.0916,0.0,0.0,0.4367,0.4367,0.2183,0.4367,0.8733,0.0,0.0,0.0,0.0,0.0,0.0,0.2183,0.4367,0.0,0.0,0.0,0.0,0.0,0.0,0.0,0.0,0.0,0.0,0.0,0.0,0.0,0.0,0.0,0.0,0.0,0.0,0.0,0.0,0.2126,0.2681,0.3009,0.2126,0.2681,0.3009
0.0,0.9715,0.3238,0.0,0.0,0.0,0.0,0.3238,0.0,0.3238,0.6477,1.2953,0.0,0.9715,0.0,0.0,0.0,0.0,0.0,0.0,0.0,0.0001,0.0,0.0,0.0,0.0,0.0,0.0,0.0,0.0,0.0001,0.0001,0.0,0.0001,0.0,0.0,0.0,0.0,0.0,0.0,0.239,0.22,0.2171,0.239,0.22,0.2171
0.5298,0.0,0.0,0.0,0.0,0.0,0.0,1.0596,0.0,1.0596,1.5894,0.5298,0.0,1.5894,0.5298,0.0,0.0,0.0,0.0,0.0,0.0,0.0,0.0,0.0,0.0,0.0,0.0,0.0001,0.0,0.0001,0.0001,0.0,0.0,0.0001,0.0,0.0,0.0,0.0,0.0,0.0,0.1575,0.2092,0.1035,0.1575,0.2092,0.1035
0.0,0.0,0.0,0.0,0.0,0.0,0.0,0.4981,0.0,0.4981,1.9923,0.4981,0.0,0.4981,0.0,1.4942,0.4981,0.4981,0.0,0.0,0.0,0.0,0.0,0.0,0.0,0.0,0.0,0.0,0.0,0.0,0.0001,0.0,0.0,0.0,0.0,0.0001,0.0,0.0,0.0,0.0,0.1729,0.1737,0.1553,0.1729,0.1737,0.1553
0.932,0.0,0.466,0.0,0.0,0.0,0.0,0.0,0.0,0.932,0.466,0.466,0.0,0.466,0.0,0.932,0.466,0.932,0.0,0.0,0.0,0.0,0.0,0.0,0.0,0.0,0.0,0.0,0.0,0.0,0.0,0.0,0.0,0.0,0.0,0.0,0.0,0.0,0.0,0.0,0.1755,0.2086,0.1499,0.1755,0.2086,0.1499
0.0,0.0,0.0,0.4395,0.0,0.4395,0.0,0.8789,0.0,0.8789,0.8789,0.4395,0.0,0.4395,0.0,0.0,0.4395,0.4395,0.0,0.4395,0.0,0.0,0.0,0.0,0.0,0.0,0.0,0.0001,0.0,0.0001,0.0001,0.0,0.0,0.0,0.0,0.0,0.0,0.0,0.0,0.0,0.1887,0.2359,0.136,0.1887,0.2359,0.136
0.0,0.0,0.0,0.412,0.0,0.412,0.0,0.8239,0.0,0.412,0.8239,0.412,0.0,0.412,0.0,0.0,0.412,0.8239,0.0,0.412,0.0,0.0,0.0,0.0,0.0,0.0,0.0,0.0,0.0,0.0,0.0,0.0,0.0,0.0,0.0,0.0,0.0,0.0,0.0,0.0,0.1923,0.2539,0.1418,0.1923,0.2539,0.1418
0.4896,0.0,0.0,0.0,0.0,0.0,0.0,1.4688,0.0,0.0,3.4272,0.4896,0.0,0.0,0.0,0.9792,0.4896,0.4896,0.0,0.0,0.0,0.0,0.0,0.0,0.0,0.0,0.0,0.0001,0.0,0.0,0.0001,0.0,0.0,0.0,0.0,0.0,0.0,0.0,0.0,0.0,0.2022,0.179,0.1292,0.2022,0.179,0.1292
0.0,0.0,0.0,0.403,0.0,0.0,0.0,0.403,0.0,0.403,1.209,0.806,0.0,0.403,0.0,0.806,0.0,0.403,0.0,0.403,0.0,0.0,0.0,0.0,0.0,0.0,0.0,0.0,0.0,0.0,0.0001,0.0,0.0,0.0,0.0,0.0,0.0,0.0,0.0,0.0,0.2173,0.2609,0.1188,0.2173,0.2609,0.1188
0.9803,0.0,0.0,0.0,0.0,0.0,0.0,0.4901,0.0,0.0,1.4704,0.4901,0.0,0.9803,0.0,0.9803,0.0,0.4901,0.0,0.4901,0.0,0.0,0.0,0.0,0.0,0.0,0.0,0.0,0.0,0.0,0.0001,0.0,0.0,0.0,0.0,0.0,0.0,0.0,0.0,0.0,0.1687,0.1805,0.1607,0.1687,0.1805,0.1607
1.0209,0.0,0.0,0.0,0.0,0.0,0.0,0.0,0.0,1.0209,2.5523,1.0209,0.0,1.0209,1.0209,1.5314,0.0,0.0,0.0,0.0,0.0,0.0,0.0,0.0,0.0,0.0,0.0,0.0,0.0,0.0,0.0001,0.0,0.0,0.0,0.0,0.0001,0.0,0.0,0.0,0.0,0.164,0.198,0.1275,0.164,0.198,0.1275
0.5319,0.0,0.0,0.0,0.0,0.0,0.0,0.5319,0.0,1.5957,2.1276,0.5319,0.0,1.5957,1.0638,1.0638,0.0,0.0,0.0,0.0,0.0,0.0,0.0,0.0,0.0,0.0,0.0,0.0,0.0,0.0001,0.0001,0.0,0.0,0.0001,0.0,0.0,0.0,0.0,0.0,0.0,0.1612,0.2045,0.1024,0.1612,0.2045,0.1024
0.0,0.8061,0.2687,0.2687,0.0,0.2687,0.2687,0.2687,0.0,0.8061,0.5374,0.8061,0.0,0.5374,0.0,0.0,0.0,0.0,0.0,0.5374,0.0,0.0001,0.0,0.0,0.0,0.0,0.0,0.0,0.0,0.0001,0.0,0.0001,0.0,0.0,0.0,0.0,0.0,0.0,0.0,0.0,0.2566,0.304,0.1707,0.2566,0.304,0.1707
0.0,0.8666,0.0,0.4333,0.0,0.4333,0.0,0.0,0.0,0.8666,0.0,0.8666,0.0,0.4333,0.0,0.0,0.0,0.4333,0.0,0.0,0.0,0.0001,0.0,0.0,0.0,0.0,0.0,0.0,0.0,0.0001,0.0,0.0001,0.0,0.0,0.0,0.0,0.0,0.0,0.0,0.0,0.2199,0.2045,0.1424,0.2199,0.2045,0.1424
0.0,0.9791,0.0,0.0,0.0,0.4896,0.0,0.0,0.0,0.9791,0.0,0.9791,0.0,0.0,0.0,0.0,0.0,0.4896,0.0,0.0,0.0,0.0001,0.0,0.0,0.0,0.0001,0.0,0.0,0.0,0.0001,0.0,0.0001,0.0,0.0,0.0,0.0,0.0,0.0001,0.0,0.0,0.1987,0.156,0.1558,0.1987,0.156,0.1558
0.0,1.1158,0.0,0.0,0.0,0.5579,0.0,0.0,0.0,0.5579,0.0,0.5579,0.0,0.0,0.0,0.0,0.0,0.5579,0.0,0.0,0.0,0.0002,0.0,0.0,0.0,0.0001,0.0,0.0,0.0,0.0001,0.0,0.0001,0.0,0.0,0.0,0.0,0.0,0.0001,0.0,0.0,0.1255,0.1682,0.1483,0.1255,0.1682,0.1483
0.0,1.1244,0.0,0.3748,0.0,0.3748,0.0,0.0,0.0,0.7496,0.3748,0.7496,0.0,0.3748,0.0,0.0,0.0,0.3748,0.0,0.0,0.0,0.0001,0.0,0.0,0.0,0.0,0.0,0.0,0.0,0.0001,0.0,0.0001,0.0,0.0,0.0,0.0,0.0,0.0,0.0,0.0,0.2226,0.246,0.1565,0.2226,0.246,0.1565
0.0,0.0,0.4153,0.0,0.0,0.0,0.0,0.4153,0.0,1.246,0.8307,1.246,0.0,0.0,0.0,0.4153,0.0,0.0,0.0,1.246,0.0,0.0,0.0,0.0,0.0,0.0,0.0,0.0,0.0,0.0001,0.0001,0.0001,0.0,0.0,0.0,0.0,0.0,0.0,0.0,0.0001,0.2246,0.2311,0.129,0.2246,0.2311,0.129
0.0,1.8026,0.0,0.0,0.3004,0.0,0.0,0.3004,0.0,0.3004,0.3004,0.6009,0.0,0.0,0.3004,0.0,0.0,0.9013,0.0,0.0,0.0,0.0001,0.0,0.0,0.0,0.0,0.0,0.0,0.0,0.0,0.0,0.0,0.0,0.0,0.0,0.0,0.0,0.0001,0.0,0.0,0.3173,0.2752,0.1071,0.3173,0.2752,0.1071
0.0,1.7716,0.0,0.0,0.2953,0.0,0.0,0.2953,0.0,0.2953,0.2953,0.5905,0.0,0.0,0.2953,0.0,0.0,0.8858,0.0,0.0,0.0,0.0001,0.0,0.0,0.0,0.0,0.0,0.0,0.0,0.0,0.0,0.0,0.0,0.0,0.0,0.0,0.0,0.0001,0.0,0.0,0.3109,0.2619,0.1319,0.3109,0.2619,0.1319
0.0,1.723,0.0,0.0,0.2872,0.0,0.0,0.2872,0.0,0.2872,0.2872,0.5743,0.0,0.0,0.2872,0.0,0.0,0.8615,0.0,0.0,0.0,0.0001,0.0,0.0,0.0,0.0,0.0,0.0,0.0,0.0,0.0,0.0,0.0,0.0,0.0,0.0,0.0,0.0001,0.0,0.0,0.2549,0.2273,0.2306,0.2549,0.2273,0.2306
0.4026,1.6105,0.0,0.0,0.0,0.0,0.0,0.0,0.0,0.8052,1.2078,0.4026,0.4026,0.4026,0.0,0.0,0.0,0.0,0.0,0.0,0.0001,0.0002,0.0,0.0,0.0,0.0,0.0,0.0,0.0,0.0001,0.0002,0.0001,0.0001,0.0001,0.0,0.0,0.0,0.0,0.0,0.0,0.298,0.289,0.0103,0.298,0.289,0.0103
0.4261,1.2783,0.0,0.0,0.0,0.0,0.0,0.0,0.0,0.8522,0.4261,0.4261,0.8522,0.4261,0.0,0.0,0.0,0.4261,0.0,0.4261,0.0001,0.0002,0.0,0.0,0.0,0.0,0.0,0.0,0.0,0.0001,0.0001,0.0001,0.0001,0.0001,0.0,0.0,0.0,0.0001,0.0,0.0001,0.2444,0.2355,0.0941,0.2444,0.2355,0.0941
0.1583,1.5833,0.1583,0.0,0.95,0.3167,0.1583,0.7917,0.0,0.475,0.3167,0.6333,0.0,0.0,0.0,0.475,0.3167,0.0,0.475,0.3167,0.0,0.0001,0.0,0.0,0.0,0.0,0.0,0.0,0.0,0.0,0.0,0.0,0.0,0.0,0.0,0.0,0.0,0.0,0.0,0.0,0.3168,0.2899,0.235,0.3168,0.2899,0.235
0.4112,0.0,0.0,0.0,0.0,0.0,0.0,0.0,0.0,0.4112,2.4669,1.6446,0.0,0.4112,0.0,0.0,0.0,0.0,0.0,0.4112,0.0,0.0,0.0,0.0,0.0,0.0,0.0,0.0,0.0,0.0,0.0003,0.0002,0.0,0.0,0.0,0.0,0.0,0.0,0.0,0.0,0.1423,0.2113,0.2353,0.1423,0.2113,0.2353
1.3805,0.0,0.2761,0.0,0.0,0.0,0.0,1.3805,0.0,0.2761,1.1044,1.1044,0.5522,0.2761,0.0,0.0,0.5522,0.0,0.0,0.2761,0.0001,0.0,0.0,0.0,0.0,0.0,0.0,0.0001,0.0,0.0,0.0001,0.0001,0.0,0.0,0.0,0.0,0.0,0.0,0.0,0.0,0.2555,0.269,0.1994,0.2555,0.269,0.1994
0.8622,0.0,0.0,0.0,0.0,0.4311,0.0,1.2934,0.0,0.4311,2.1556,2.5867,0.0,0.4311,0.4311,0.8622,0.0,0.4311,0.0,0.8622,0.0,0.0,0.0,0.0,0.0,0.0,0.0,0.0001,0.0,0.0,0.0001,0.0001,0.0,0.0,0.0,0.0,0.0,0.0,0.0,0.0,0.1266,0.2291,0.2132,0.1266,0.2291,0.2132
0.5831,0.0,0.0,0.0,0.0,0.2916,0.0,0.8747,0.0,0.2916,1.4578,1.7493,0.0,0.2916,0.2916,0.5831,0.0,0.2916,0.0,0.5831,0.0,0.0,0.0,0.0,0.0,0.0,0.0,0.0,0.0,0.0,0.0001,0.0001,0.0,0.0,0.0,0.0,0.0,0.0,0.0,0.0,0.1978,0.249,0.2617,0.1978,0.249,0.2617
0.0,0.0,0.0,0.0,0.0,0.0,0.3863,1.159,0.0,0.7726,1.159,0.7726,0.0,0.0,0.0,0.3863,0.0,0.3863,0.0,0.3863,0.0,0.0,0.0,0.0,0.0,0.0,0.0,0.0001,0.0,0.0,0.0001,0.0,0.0,0.0,0.0,0.0,0.0,0.0,0.0,0.0,0.2328,0.2667,0.1141,0.2328,0.2667,0.1141
0.0,0.0,0.0,0.0,0.0,0.0,0.3809,1.1427,0.0,0.7618,0.7618,0.7618,0.0,0.0,0.0,0.3809,0.0,0.7618,0.0,0.3809,0.0,0.0,0.0,0.0,0.0,0.0,0.0,0.0001,0.0,0.0,0.0,0.0,0.0,0.0,0.0,0.0,0.0,0.0,0.0,0.0,0.2331,0.2736,0.1125,0.2331,0.2736,0.1125
0.4426,0.8852,0.0,0.2213,0.0,0.2213,0.0,0.2213,0.0,0.6639,0.4426,1.1065,0.0,0.6639,0.0,0.0,0.0,0.0,0.0,0.2213,0.0,0.0001,0.0,0.0,0.0,0.0,0.0,0.0,0.0,0.0001,0.0,0.0001,0.0,0.0001,0.0,0.0,0.0,0.0,0.0,0.0,0.2341,0.3712,0.1734,0.2341,0.3712,0.1734
1.5801,0.0,0.1975,0.0,0.395,0.395,0.1975,0.7901,0.0,0.1975,0.7901,1.1851,0.1975,0.395,0.0,0.395,0.395,0.0,0.1975,0.0,0.0001,0.0,0.0,0.0,0.0,0.0,0.0,0.0,0.0,0.0,0.0,0.0001,0.0,0.0,0.0,0.0,0.0,0.0,0.0,0.0,0.2732,0.272,0.2573,0.2732,0.272,0.2573
1.3894,0.0,0.1985,0.0,0.397,0.397,0.1985,0.7939,0.0,0.397,0.7939,1.1909,0.1985,0.1985,0.0,0.397,0.397,0.0,0.1985,0.1985,0.0001,0.0,0.0,0.0,0.0,0.0,0.0,0.0,0.0,0.0,0.0,0.0001,0.0,0.0,0.0,0.0,0.0,0.0,0.0,0.0,0.2686,0.2728,0.2602,0.2686,0.2728,0.2602
1.8265,0.0,0.3044,0.0,0.0,0.0,0.0,0.9132,0.0,0.3044,0.9132,1.522,0.0,0.0,0.0,0.0,0.0,0.3044,0.0,0.3044,0.0001,0.0,0.0,0.0,0.0,0.0,0.0,0.0001,0.0,0.0,0.0001,0.0001,0.0,0.0,0.0,0.0,0.0,0.0,0.0,0.0,0.244,0.2592,0.1923,0.244,0.2592,0.1923
0.4982,0.0,0.0,0.0,0.0,0.0,0.0,0.4982,0.0,0.4982,2.9894,0.9965,0.0,0.9965,0.9965,0.9965,0.4982,0.0,0.0,0.0,0.0,0.0,0.0,0.0,0.0,0.0,0.0,0.0,0.0,0.0,0.0001,0.0,0.0,0.0,0.0,0.0,0.0,0.0,0.0,0.0,0.1937,0.2206,0.0875,0.1937,0.2206,0.0875
1.6084,0.0,0.0,0.0,0.0,0.0,0.4021,0.4021,0.0,0.4021,1.6084,1.2063,0.0,0.4021,0.0,0.0,0.0,0.0,0.0,0.0,0.0001,0.0,0.0,0.0,0.0,0.0,0.0,0.0,0.0,0.0,0.0001,0.0001,0.0,0.0,0.0,0.0,0.0,0.0,0.0,0.0,0.2112,0.1728,0.2139,0.2112,0.1728,0.2139
2.0852,0.0,0.0,0.0,0.0,0.0,0.0,1.0426,0.0,1.0426,2.0852,1.0426,0.0,0.5213,0.0,0.0,0.0,0.0,0.0,0.0,0.0001,0.0,0.0,0.0,0.0,0.0,0.0,0.0001,0.0,0.0001,0.0001,0.0001,0.0,0.0,0.0,0.0,0.0,0.0,0.0,0.0,0.1972,0.1314,0.1502,0.1972,0.1314,0.1502
0.0,0.0,0.0,0.0,0.0,0.0,0.0,0.4613,0.0,0.9225,1.3838,0.9225,0.0,0.9225,0.4613,0.4613,0.0,0.0,0.0,0.4613,0.0,0.0,0.0,0.0,0.0,0.0,0.0,0.0,0.0,0.0001,0.0001,0.0001,0.0,0.0001,0.0,0.0,0.0,0.0,0.0,0.0,0.174,0.2185,0.1462,0.174,0.2185,0.1462
1.4858,0.0,0.0,0.0,0.0,0.2123,0.4245,0.2123,0.0,0.2123,1.0613,1.6981,0.0,0.4245,0.0,0.4245,0.4245,0.2123,0.0,0.6368,0.0001,0.0,0.0,0.0,0.0,0.0,0.0,0.0,0.0,0.0,0.0001,0.0001,0.0,0.0,0.0,0.0,0.0,0.0,0.0,0.0,0.2408,0.3027,0.2442,0.2408,0.3027,0.2442
0.644,0.4294,0.0,0.0,0.2147,0.2147,0.2147,0.4294,0.0,0.4294,0.8587,1.5028,0.2147,0.4294,0.0,0.644,0.2147,0.4294,0.2147,0.644,0.0,0.0,0.0,0.0,0.0,0.0,0.0,0.0,0.0,0.0,0.0,0.0001,0.0,0.0,0.0,0.0,0.0,0.0,0.0,0.0,0.2315,0.2684,0.2854,0.2315,0.2684,0.2854
0.4408,0.4408,0.0,0.0,0.2204,0.2204,0.2204,0.4408,0.0,0.4408,0.6613,1.543,0.2204,0.4408,0.0,0.8817,0.2204,0.4408,0.2204,0.8817,0.0,0.0,0.0,0.0,0.0,0.0,0.0,0.0,0.0,0.0,0.0,0.0001,0.0,0.0,0.0,0.0,0.0,0.0,0.0,0.0,0.222,0.272,0.2856,0.222,0.272,0.2856
0.0,0.6493,0.4328,0.0,0.0,0.2164,0.2164,0.2164,0.0,0.8657,0.6493,1.0821,0.0,0.6493,0.0,0.4328,0.0,0.4328,0.0,0.4328,0.0,0.0,0.0,0.0,0.0,0.0,0.0,0.0,0.0,0.0001,0.0,0.0001,0.0,0.0,0.0,0.0,0.0,0.0,0.0,0.0,0.1794,0.3082,0.2961,0.1794,0.3082,0.2961
0.3748,0.1874,0.7496,0.1874,0.0,0.0,0.1874,0.5622,0.1874,0.937,0.3748,1.3118,0.5622,0.1874,0.1874,0.3748,0.0,0.1874,0.1874,0.3748,0.0,0.0,0.0,0.0,0.0,0.0,0.0,0.0,0.0,0.0,0.0,0.0001,0.0,0.0,0.0,0.0,0.0,0.0,0.0,0.0,0.2577,0.2611,0.2938,0.2577,0.2611,0.2938
0.4573,0.9145,0.0,0.0,0.0,0.0,0.0,0.4573,0.0,1.3718,0.9145,0.4573,0.0,0.9145,0.4573,0.0,0.0,0.4573,0.0,0.0,0.0,0.0001,0.0,0.0,0.0,0.0,0.0,0.0,0.0,0.0001,0.0001,0.0,0.0,0.0001,0.0,0.0,0.0,0.0,0.0,0.0,0.1983,0.218,0.1264,0.1983,0.218,0.1264
0.4573,0.9146,0.0,0.0,0.0,0.0,0.0,0.4573,0.0,1.3719,0.9146,0.4573,0.0,0.9146,0.4573,0.0,0.0,0.4573,0.0,0.0,0.0,0.0001,0.0,0.0,0.0,0.0,0.0,0.0,0.0,0.0001,0.0001,0.0,0.0,0.0001,0.0,0.0,0.0,0.0,0.0,0.0,0.196,0.2205,0.1263,0.196,0.2205,0.1263
0.4578,0.9156,0.0,0.0,0.0,0.0,0.0,0.4578,0.0,1.3734,0.9156,0.4578,0.0,0.0,0.4578,0.0,0.0,0.4578,0.9156,0.0,0.0,0.0001,0.0,0.0,0.0,0.0,0.0,0.0,0.0,0.0001,0.0001,0.0,0.0,0.0,0.0,0.0,0.0,0.0,0.0001,0.0,0.1957,0.2218,0.1247,0.1957,0.2218,0.1247
0.4534,0.9068,0.0,0.0,0.0,0.0,0.0,0.4534,0.0,1.3601,0.9068,0.4534,0.0,0.9068,0.4534,0.0,0.0,0.4534,0.0,0.0,0.0,0.0001,0.0,0.0,0.0,0.0,0.0,0.0,0.0,0.0001,0.0001,0.0,0.0,0.0001,0.0,0.0,0.0,0.0,0.0,0.0,0.1991,0.2179,0.1296,0.1991,0.2179,0.1296
0.384,0.0,0.0,0.0,0.0,0.0,0.0,0.384,0.0,0.768,1.152,1.152,0.0,1.152,0.384,0.768,0.0,0.0,0.0,0.384,0.0,0.0,0.0,0.0,0.0,0.0,0.0,0.0,0.0,0.0,0.0001,0.0001,0.0,0.0001,0.0,0.0,0.0,0.0,0.0,0.0,0.205,0.2374,0.1736,0.205,0.2374,0.1736
0.3699,0.0,0.0,0.0,0.0,0.0,0.0,0.3699,0.0,0.7399,1.1098,1.4797,0.0,1.1098,0.3699,0.3699,0.0,0.0,0.0,0.3699,0.0,0.0,0.0,0.0,0.0,0.0,0.0,0.0,0.0,0.0,0.0001,0.0001,0.0,0.0001,0.0,0.0,0.0,0.0,0.0,0.0,0.2479,0.2689,0.1132,0.2479,0.2689,0.1132
0.0,0.0,0.0,0.0,0.0,0.0,0.0,0.0,0.0,0.0,2.139,2.139,0.0,0.0,0.0,0.0,0.0,0.713,0.0,0.0,0.0,0.0,0.0,0.0,0.0,0.0,0.0,0.0,0.0,0.0,0.0002,0.0002,0.0,0.0,0.0,0.0,0.0,0.0001,0.0,0.0,0.2353,0.3051,0.103,0.2353,0.3051,0.103
0.0,0.0,0.0,0.0,0.0,0.0,0.0,0.0,0.0,0.0,0.0,2.118,0.0,0.0,0.0,0.0,0.0,0.706,0.0,2.118,0.0,0.0,0.0,0.0,0.0,0.0,0.0,0.0,0.0,0.0,0.0,0.0002,0.0,0.0,0.0,0.0,0.0,0.0001,0.0,0.0002,0.2375,0.3048,0.1047,0.2375,0.3048,0.1047
1.5942,0.0,0.3985,0.0,0.0,0.0,0.0,0.3985,0.0,1.1956,1.9927,1.1956,0.0,0.0,0.3985,0.0,0.0,0.0,0.0,0.0,0.0001,0.0,0.0,0.0,0.0,0.0,0.0,0.0,0.0,0.0001,0.0001,0.0001,0.0,0.0,0.0,0.0,0.0,0.0,0.0,0.0,0.2241,0.2174,0.16,0.2241,0.2174,0.16
1.4752,0.0,0.3688,0.0,0.0,0.0,0.0,0.0,0.0,1.1064,1.844,1.4752,0.0,0.0,0.3688,0.0,0.0,0.0,0.0,0.0,0.0001,0.0,0.0,0.0,0.0,0.0,0.0,0.0,0.0,0.0001,0.0001,0.0001,0.0,0.0,0.0,0.0,0.0,0.0,0.0,0.0,0.2515,0.2451,0.1346,0.2515,0.2451,0.1346
1.4235,0.0,0.0,0.0,0.0,0.0,0.0,0.0,0.0,1.0677,1.7794,1.7794,0.0,0.0,0.3559,0.0,0.0,0.0,0.0,0.0,0.0001,0.0,0.0,0.0,0.0,0.0,0.0,0.0,0.0,0.0001,0.0001,0.0001,0.0,0.0,0.0,0.0,0.0,0.0,0.0,0.0,0.2356,0.2727,0.1358,0.2356,0.2727,0.1358
0.3388,0.0,0.0,0.0,0.0,0.0,0.0,2.0327,0.0,0.3388,2.3715,1.0163,0.0,0.0,0.0,0.3388,0.0,0.0,0.0,0.6776,0.0,0.0,0.0,0.0,0.0,0.0,0.0,0.0001,0.0,0.0,0.0001,0.0,0.0,0.0,0.0,0.0,0.0,0.0,0.0,0.0,0.184,0.2552,0.222,0.184,0.2552,0.222
1.6552,0.0,0.2759,0.5517,0.0,0.5517,0.0,0.5517,0.0,0.0,1.1034,1.1034,0.0,0.5517,0.2759,0.0,0.0,0.0,0.0,0.2759,0.0001,0.0,0.0,0.0,0.0,0.0,0.0,0.0,0.0,0.0,0.0001,0.0001,0.0,0.0,0.0,0.0,0.0,0.0,0.0,0.0,0.2443,0.2658,0.214,0.2443,0.2658,0.214
0.2989,0.2989,0.5978,0.2989,0.0,0.0,0.0,0.8968,0.0,0.5978,1.1957,0.5978,0.0,0.2989,0.0,0.0,0.8968,0.0,0.0,0.5978,0.0,0.0,0.0,0.0,0.0,0.0,0.0,0.0,0.0,0.0,0.0001,0.0,0.0,0.0,0.0,0.0,0.0,0.0,0.0,0.0,0.2687,0.2589,0.1735,0.2687,0.2589,0.1735
0.5706,0.0,0.0,0.0,0.0,0.5706,0.0,0.8559,0.0,0.2853,1.7117,1.4265,0.0,0.5706,0.2853,0.2853,0.0,0.0,0.0,0.5706,0.0,0.0,0.0,0.0,0.0,0.0,0.0,0.0,0.0,0.0,0.0001,0.0001,0.0,0.0,0.0,0.0,0.0,0.0,0.0,0.0,0.1909,0.263,0.2608,0.1909,0.263,0.2608
1.2804,0.0,0.3201,0.0,0.0,0.3201,0.0,0.9603,0.0,0.3201,0.9603,0.9603,0.6402,0.6402,0.3201,0.3201,0.0,0.3201,0.0,0.0,0.0001,0.0,0.0,0.0,0.0,0.0,0.0,0.0,0.0,0.0,0.0,0.0,0.0,0.0,0.0,0.0,0.0,0.0,0.0,0.0,0.2336,0.236,0.2104,0.2336,0.236,0.2104
0.0,0.8067,0.605,0.4033,0.8067,0.0,0.0,0.4033,0.4033,1.0083,0.4033,0.605,0.0,0.2017,0.2017,0.605,0.0,0.0,0.0,0.4033,0.0,0.0,0.0,0.0,0.0,0.0,0.0,0.0,0.0,0.0,0.0,0.0,0.0,0.0,0.0,0.0,0.0,0.0,0.0,0.0,0.2804,0.2486,0.2694,0.2804,0.2486,0.2694
0.7801,0.3901,0.0,0.0,0.0,0.0,0.0,0.0,0.0,1.1702,0.7801,0.7801,0.0,0.7801,0.0,0.3901,0.0,0.0,0.0,0.0,0.0001,0.0,0.0,0.0,0.0,0.0,0.0,0.0,0.0,0.0001,0.0001,0.0001,0.0,0.0001,0.0,0.0,0.0,0.0,0.0,0.0,0.2149,0.2316,0.1635,0.2149,0.2316,0.1635
0.3844,0.7687,0.0,0.0,0.0,0.0,0.0,0.3844,0.0,1.1531,0.7687,0.3844,0.0,0.7687,0.0,0.3844,0.0,0.0,0.0,0.0,0.0,0.0001,0.0,0.0,0.0,0.0,0.0,0.0,0.0,0.0001,0.0001,0.0,0.0,0.0001,0.0,0.0,0.0,0.0,0.0,0.0,0.229,0.2614,0.1252,0.229,0.2614,0.1252
0.8356,0.8356,0.0,0.0,0.0,0.0,0.0,0.4178,0.0,1.2534,0.8356,0.4178,0.0,0.8356,0.0,0.0,0.0,0.0,0.0,0.0,0.0001,0.0001,0.0,0.0,0.0,0.0,0.0,0.0,0.0,0.0001,0.0001,0.0,0.0,0.0001,0.0,0.0,0.0,0.0,0.0,0.0,0.1783,0.2728,0.1312,0.1783,0.2728,0.1312
0.7483,0.7483,0.0,0.0,0.0,0.0,0.0,0.0,0.0,1.1225,0.7483,0.7483,0.0,0.7483,0.0,0.0,0.0,0.0,0.0,0.0,0.0001,0.0001,0.0,0.0,0.0,0.0,0.0,0.0,0.0,0.0001,0.0001,0.0001,0.0,0.0001,0.0,0.0,0.0,0.0,0.0,0.0,0.2048,0.2754,0.1456,0.2048,0.2754,0.1456
0.3689,1.1068,0.0,0.0,0.0,0.0,0.0,0.3689,0.0,1.1068,0.7378,0.3689,0.0,0.7378,0.0,0.0,0.0,0.0,0.0,0.0,0.0,0.0001,0.0,0.0,0.0,0.0,0.0,0.0,0.0,0.0001,0.0001,0.0,0.0,0.0001,0.0,0.0,0.0,0.0,0.0,0.0,0.2185,0.3035,0.1091,0.2185,0.3035,0.1091
0.3738,0.0,0.0,0.0,0.0,0.0,0.0,0.0,0.0,1.1213,0.7476,1.8689,0.0,0.7476,0.0,0.0,0.0,0.0,0.0,0.0,0.0,0.0,0.0,0.0,0.0,0.0,0.0,0.0,0.0,0.0001,0.0001,0.0002,0.0,0.0001,0.0,0.0,0.0,0.0,0.0,0.0,0.1863,0.3097,0.1303,0.1863,0.3097,0.1303
0.3418,1.709,0.0,0.0,0.0,0.0,0.0,0.0,0.0,1.0254,0.6836,0.0,0.0,0.6836,0.0,0.0,0.0,0.0,0.0,0.0,0.0,0.0002,0.0,0.0,0.0,0.0,0.0,0.0,0.0,0.0001,0.0001,0.0,0.0,0.0001,0.0,0.0,0.0,0.0,0.0,0.0,0.1967,0.326,0.1355,0.1967,0.326,0.1355
0.3597,0.7194,0.0,0.0,0.0,0.0,0.0,0.0,0.0,1.0791,0.7194,1.0791,0.0,0.7194,0.0,0.0,0.0,0.0,0.0,0.0,0.0,0.0001,0.0,0.0,0.0,0.0,0.0,0.0,0.0,0.0001,0.0001,0.0001,0.0,0.0001,0.0,0.0,0.0,0.0,0.0,0.0,0.1911,0.3165,0.1327,0.1911,0.3165,0.1327
0.3593,0.7185,0.0,0.0,0.0,0.0,0.0,0.0,0.0,1.0778,0.7185,1.0778,0.0,0.7185,0.0,0.0,0.0,0.0,0.0,0.0,0.0,0.0001,0.0,0.0,0.0,0.0,0.0,0.0,0.0,0.0001,0.0001,0.0001,0.0,0.0001,0.0,0.0,0.0,0.0,0.0,0.0,0.1897,0.3162,0.1348,0.1897,0.3162,0.1348
0.3595,0.719,0.0,0.0,0.0,0.0,0.0,0.0,0.0,1.0785,0.719,1.0785,0.0,0.719,0.0,0.0,0.0,0.0,0.0,0.0,0.0,0.0001,0.0,0.0,0.0,0.0,0.0,0.0,0.0,0.0001,0.0001,0.0001,0.0,0.0001,0.0,0.0,0.0,0.0,0.0,0.0,0.1964,0.3165,0.1275,0.1964,0.3165,0.1275
0.3665,0.3665,0.0,0.0,0.0,0.0,0.0,0.0,0.0,1.0994,0.7329,1.4659,0.0,0.7329,0.0,0.0,0.0,0.0,0.0,0.0,0.0,0.0,0.0,0.0,0.0,0.0,0.0,0.0,0.0,0.0001,0.0001,0.0002,0.0,0.0001,0.0,0.0,0.0,0.0,0.0,0.0,0.1853,0.313,0.1352,0.1853,0.313,0.1352
0.3661,0.3661,0.0,0.0,0.0,0.0,0.0,0.0,0.0,1.0984,0.7323,1.4646,0.0,0.7323,0.0,0.0,0.0,0.0,0.0,0.0,0.0,0.0,0.0,0.0,0.0,0.0,0.0,0.0,0.0,0.0001,0.0001,0.0002,0.0,0.0001,0.0,0.0,0.0,0.0,0.0,0.0,0.1919,0.3128,0.1292,0.1919,0.3128,0.1292
0.3663,0.3663,0.0,0.0,0.0,0.0,0.0,0.0,0.0,1.0988,0.7326,1.4651,0.0,0.7326,0.0,0.0,0.0,0.0,0.0,0.0,0.0,0.0,0.0,0.0,0.0,0.0,0.0,0.0,0.0,0.0001,0.0001,0.0002,0.0,0.0001,0.0,0.0,0.0,0.0,0.0,0.0,0.1907,0.313,0.1299,0.1907,0.313,0.1299
0.3473,1.3894,0.0,0.0,0.0,0.0,0.0,0.0,0.0,1.042,0.6947,0.3473,0.0,0.6947,0.0,0.0,0.0,0.0,0.0,0.0,0.0,0.0002,0.0,0.0,0.0,0.0,0.0,0.0,0.0,0.0001,0.0001,0.0,0.0,0.0001,0.0,0.0,0.0,0.0,0.0,0.0,0.1936,0.3231,0.136,0.1936,0.3231,0.136
0.3476,1.3902,0.0,0.0,0.0,0.0,0.0,0.0,0.0,1.0427,0.6951,0.3476,0.0,0.6951,0.0,0.0,0.0,0.0,0.0,0.0,0.0,0.0002,0.0,0.0,0.0,0.0,0.0,0.0,0.0,0.0001,0.0001,0.0,0.0,0.0001,0.0,0.0,0.0,0.0,0.0,0.0,0.1988,0.323,0.1307,0.1988,0.323,0.1307
0.1637,0.6546,0.491,0.1637,0.0,0.491,0.1637,0.6546,0.0,0.6546,0.491,0.9819,0.1637,0.491,0.1637,0.0,0.0,0.1637,0.0,0.1637,0.0,0.0,0.0,0.0,0.0,0.0,0.0,0.0,0.0,0.0,0.0,0.0001,0.0,0.0,0.0,0.0,0.0,0.0,0.0,0.0,0.3099,0.3136,0.2129,0.3099,0.3136,0.2129
0.0,0.0,0.0,0.0,0.0,0.0,0.0,0.0,0.0,0.8985,2.6955,1.797,0.0,0.4493,0.0,0.0,0.0,0.0,0.0,0.0,0.0,0.0,0.0,0.0,0.0,0.0,0.0,0.0,0.0,0.0001,0.0004,0.0002,0.0,0.0001,0.0,0.0,0.0,0.0,0.0,0.0,0.1448,0.2567,0.1492,0.1448,0.2567,0.1492
0.0,0.0,0.0,0.0,0.0,0.0,0.0,0.0,0.0,0.4424,2.6541,1.7694,0.0,0.4424,0.0,0.0,0.0,0.4424,0.0,0.0,0.0,0.0,0.0,0.0,0.0,0.0,0.0,0.0,0.0,0.0001,0.0003,0.0002,0.0,0.0001,0.0,0.0,0.0,0.0001,0.0,0.0,0.1477,0.2579,0.1521,0.1477,0.2579,0.1521
0.0,0.0,0.0,0.0,0.0,0.0,0.0,0.0,0.0,0.4405,2.6431,1.7621,0.0,0.4405,0.0,0.0,0.0,0.4405,0.0,0.0,0.0,0.0,0.0,0.0,0.0,0.0,0.0,0.0,0.0,0.0001,0.0003,0.0002,0.0,0.0001,0.0,0.0,0.0,0.0001,0.0,0.0,0.1512,0.2568,0.1515,0.1512,0.2568,0.1515
0.0,0.0,0.0,0.0,0.0,0.0,0.0,0.0,0.0,0.8772,2.193,1.7544,0.0,0.4386,0.0,0.0,0.0,0.4386,0.0,0.0,0.0,0.0,0.0,0.0,0.0,0.0,0.0,0.0,0.0,0.0001,0.0003,0.0002,0.0,0.0001,0.0,0.0,0.0,0.0001,0.0,0.0,0.1512,0.2595,0.1507,0.1512,0.2595,0.1507
0.0,0.0,0.0,0.0,0.0,0.0,0.0,0.0,0.0,0.8949,2.2373,1.7899,0.0,0.4475,0.0,0.0,0.0,0.4475,0.0,0.0,0.0,0.0,0.0,0.0,0.0,0.0,0.0,0.0,0.0,0.0001,0.0003,0.0002,0.0,0.0001,0.0,0.0,0.0,0.0001,0.0,0.0,0.1442,0.2556,0.1528,0.1442,0.2556,0.1528
0.0,0.0,0.0,0.0,0.0,0.0,0.0,0.0,0.0,0.8818,1.7637,1.7637,0.0,0.4409,0.0,0.0,0.0,0.8818,0.0,0.0,0.0,0.0,0.0,0.0,0.0,0.0,0.0,0.0,0.0,0.0001,0.0002,0.0002,0.0,0.0001,0.0,0.0,0.0,0.0001,0.0,0.0,0.1519,0.2608,0.1464,0.1519,0.2608,0.1464
0.0,0.0,0.0,0.0,0.0,0.0,0.0,0.0,0.0,0.4325,1.73,1.73,0.0,0.4325,0.0,0.0,0.0,1.2975,0.0,0.0,0.0,0.0,0.0,0.0,0.0,0.0,0.0,0.0,0.0,0.0001,0.0002,0.0002,0.0,0.0001,0.0,0.0,0.0,0.0002,0.0,0.0,0.1581,0.2608,0.1486,0.1581,0.2608,0.1486
0.6995,0.0,0.0,0.0,0.0,0.0,0.0,0.0,0.0,0.0,1.0493,1.3991,0.0,0.0,0.0,0.3498,0.3498,0.6995,0.0,1.0493,0.0001,0.0,0.0,0.0,0.0,0.0,0.0,0.0,0.0,0.0,0.0001,0.0001,0.0,0.0,0.0,0.0,0.0,0.0001,0.0,0.0001,0.212,0.2683,0.17,0.212,0.2683,0.17
0.3192,0.0,0.0,0.0,0.0,0.0,0.0,0.3192,0.0,0.0,0.6383,1.5958,0.0,0.0,0.0,0.3192,0.0,1.2766,0.0,0.6383,0.0,0.0,0.0,0.0,0.0,0.0,0.0,0.0,0.0,0.0,0.0,0.0001,0.0,0.0,0.0,0.0,0.0,0.0001,0.0,0.0,0.216,0.2991,0.1658,0.216,0.2991,0.1658
0.3613,0.0,0.0,0.0,0.0,0.0,0.0,0.0,0.0,0.0,1.084,1.4454,0.0,0.0,0.0,0.3613,0.0,1.4454,0.0,1.084,0.0,0.0,0.0,0.0,0.0,0.0,0.0,0.0,0.0,0.0,0.0001,0.0001,0.0,0.0,0.0,0.0,0.0,0.0001,0.0,0.0001,0.2415,0.2169,0.1803,0.2415,0.2169,0.1803
0.6647,0.0,0.0,0.0,0.0,0.0,0.0,0.0,0.0,0.0,0.6647,1.3293,0.0,0.0,0.0,0.3323,0.3323,1.3293,0.0,0.6647,0.0,0.0,0.0,0.0,0.0,0.0,0.0,0.0,0.0,0.0,0.0,0.0001,0.0,0.0,0.0,0.0,0.0,0.0001,0.0,0.0,0.2211,0.2692,0.1774,0.2211,0.2692,0.1774
0.3645,0.0,0.0,0.0,0.0,0.0,0.0,0.0,0.0,0.0,0.7289,1.4578,0.0,0.0,0.0,0.3645,0.0,2.1867,0.0,0.7289,0.0,0.0,0.0,0.0,0.0,0.0,0.0,0.0,0.0,0.0,0.0001,0.0001,0.0,0.0,0.0,0.0,0.0,0.0002,0.0,0.0001,0.2214,0.2344,0.1797,0.2214,0.2344,0.1797
